{"_runtime":4801.231262484,"Avg Human Reward per transition":0.13024252746698958,"Loss critic human":0.039543624967336655,"Max Avg Retun So far":94.4999633530557,"Avg Step per episode":484.3333333333333,"Num Transition So far":1307184,"Loss critic exo":0.17401950061321259,"Avg Human Return per episode":63.08079746984529,"_wandb":{"runtime":15595},"Num Transition":1453,"Loss Muscle":0,"Num Episode":3,"Avg Exo Return per episode":48.433333333333756,"_step":636,"Loss actor exo":-0.008354738354682922,"Avg Exo Reward per transition":0.10000000000000087,"_timestamp":1.735492206689042e+09,"Loss actor human":-0.078192338347435,"Max Avg Return Epoch":366}